{"population_size": 2000, "generations": 200, "execution_time": 2487.173742055893, "best_fitness_history": [95.0757192021162, 78.97122603226359, 76.3685511600268, 75.89627776481991, 75.89627776481991, 75.89627776481991, 75.89627776481991, 75.89627776481991, 75.89627776481991, 64.12450213887675, 64.12450213887675, 64.12450213887675, 64.12450213887675, 64.12450213887675, 64.12450213887675, 64.12450213887675, 64.12450213887675, 64.12450213887675, 64.12450213887675, 64.12450213887675, 64.12450213887675, 62.686414815050036, 62.686414815050036, 62.482157372788976, 61.15643143055464, 55.9278244164144, 55.9278244164144, 55.9278244164144, 55.9278244164144, 55.9278244164144, 55.9278244164144, 55.9278244164144, 55.62248882588107, 54.877064481702796, 53.23029168777773, 53.23029168777773, 50.326938126652585, 50.326938126652585, 50.326938126652585, 48.652327058452805, 48.652327058452805, 48.248790748698724, 47.941251177241284, 46.06307152107446, 46.06307152107446, 46.06307152107446, 46.06307152107446, 46.06307152107446, 44.197127925200945, 44.197127925200945, 44.197127925200945, 44.197127925200945, 44.197127925200945, 44.197127925200945, 44.13768187103073, 42.79520619083594, 42.79520619083594, 42.695176510606785, 42.66457166219055, 42.64033518232345, 42.448691001423796, 41.023644372519975, 40.97159031309047, 40.822643737690925, 40.51297968936165, 40.2853822395758, 40.2853822395758, 39.80103897824474, 39.80103897824474, 39.80103897824474, 39.73961921758443, 39.63559971134212, 39.63559971134212, 39.59281556734587, 39.59281556734587, 39.23705328110869, 39.23705328110869, 39.158810886184355, 39.09385692596907, 39.0836206169782, 39.01786892036196, 38.938923364470625, 38.938923364470625, 38.60842903983714, 38.60842903983714, 38.60842903983714, 38.60842903983714, 38.37014134208953, 38.37014134208953, 38.37014134208953, 38.37014134208953, 38.32061873658914, 38.32061873658914, 38.29501701461011, 38.236469288624356, 38.174090278969075, 38.14776685349478, 37.94639504476634, 37.886064157828294, 37.83599896386679, 37.83599896386679, 37.6792168095355, 37.6792168095355, 37.54783826934569, 37.47576562909616, 37.38688697022063, 37.361417555121896, 37.361417555121896, 37.216660567099304, 37.216660567099304, 37.087899256492676, 37.087899256492676, 37.087899256492676, 37.087899256492676, 37.087899256492676, 37.03767525593166, 37.01779734900472, 37.013634809085985, 37.0066126457819, 37.00121740160888, 36.98696757221397, 36.98696757221397, 36.98696757221397, 36.97549055239184, 36.97549055239184, 36.97549055239184, 36.9688041260529, 36.96554468255267, 36.96361769231815, 36.95123866911838, 36.94513506990504, 36.93528907400115, 36.928875391802116, 36.92498208639933, 36.91384478957602, 36.91384478957602, 36.90073020312588, 36.90073020312588, 36.888950505949204, 36.88705263181994, 36.87970632990916, 36.87970632990916, 36.87970632990916, 36.85317034028214, 36.85317034028214, 36.850350732070154, 36.848699892136835, 36.848699892136835, 36.83769915596524, 36.83725742007866, 36.83683154090916, 36.8341817449625, 36.8341817449625, 36.8341817449625, 36.83254120621028, 36.831725667752764, 36.831725667752764, 36.83063153795136, 36.82967145224054, 36.82967145224054, 36.82967145224054, 36.82967145224054, 36.829539487898536, 36.829539487898536, 36.829539487898536, 36.82947522377644, 36.82947522377644, 36.818518980748465, 36.818023452544274, 36.818023452544274, 36.818023452544274, 36.81789442159656, 36.81789442159656, 36.81761367173246, 36.81761367173246, 36.81761367173246, 36.81761367173246, 36.81761367173246, 36.81761367173246, 36.8154641864312, 36.8154641864312, 36.81546151094577, 36.81524475981774, 36.81524475981774, 36.81524224424866, 36.81524224424866, 36.81524224424866, 36.81524224424866, 36.81524224424866, 36.81524224424866, 36.81524224424866, 36.815212008103494, 36.815209492534414, 36.815209492534414, 36.815209492534414, 36.815209492534414, 36.8095988851484, 36.8095988851484, 36.68576594454873, 36.68576594454873], "avg_fitness_history": [95.0757192021162, 89.00439233380199, 86.3922748890009, 90.43451268912763, 91.61463730152398, 92.50745222957099, 92.22164949746495, 93.52606595341749, 94.1941285403823, 93.78161199209312, 94.08164721483918, 94.17746714970369, 93.22195516701937, 90.8077457058297, 87.67165660359905, 84.28200791325959, 81.25952593925096, 79.40261506718466, 78.16563367758823, 76.8945393813879, 76.07267088416299, 74.97031454603497, 73.70955386243963, 71.66220789460421, 70.19391685325469, 69.03293251855206, 67.97767020390404, 67.02456113715265, 66.25413082912993, 65.54202742664239, 64.75895788674156, 64.05090336365967, 63.40061638661063, 62.79961787939364, 61.95997444405966, 62.003544615832105, 60.89707159766585, 60.11868000002781, 59.69720280898687, 58.87908427956572, 58.29082813788122, 57.48437566004696, 56.57637744567448, 55.93663404603065, 54.62954581244599, 53.12587784270496, 52.65931331276173, 51.83735874684523, 51.23202239266272, 50.612928289846955, 50.20289139940029, 49.73246795223491, 49.280782535012364, 48.68916035751989, 48.23124108598885, 47.86235418246441, 47.57172561461704, 47.28040882395044, 46.88609404088719, 46.83889712818497, 46.70078873678992, 46.53064785357159, 46.43484414578347, 46.13326140156969, 45.7399534364493, 45.6635676390174, 45.32962790250607, 44.977737629128086, 44.45316616141174, 44.261200400101224, 43.568677229297286, 43.33526073146738, 42.659013008295204, 42.609031786339635, 42.4675461962968, 42.41591887360653, 42.121999845121564, 42.26080988006908, 41.75018087454547, 41.58325223026515, 41.55792130142821, 41.46265490503834, 41.58591455842551, 41.15376771852739, 41.01834153005191, 40.88369096646719, 40.650336433538556, 40.59534315276722, 40.63085081769749, 40.36789826519199, 40.29488085177105, 40.46991693851461, 40.60157984635879, 40.38987098208794, 40.40009274788834, 40.360600621800955, 40.45157244101593, 40.559549944171394, 40.15618117617847, 40.31245226481679, 40.03586319068512, 40.07784102331886, 39.759174783322486, 39.679986515550524, 39.6815803448035, 39.48969869249456, 39.71147820896648, 39.496947250805256, 39.28043814858055, 39.19600068235787, 38.99584876713607, 39.02822764453639, 38.97735901910187, 38.92248705872026, 38.90984856212006, 39.00870269156876, 38.89983037990602, 38.74401392168657, 38.80508654540369, 38.86949715848703, 38.78064379824195, 38.80710970062931, 38.731679885736156, 38.67279377561876, 38.63953420768564, 38.68429424523842, 38.6171715921351, 38.72248195557955, 38.7369070663768, 38.568261959703726, 38.65758597007761, 38.43018341794489, 38.5515157545012, 38.36498416897879, 38.492402088084695, 38.59734289351239, 38.47705272643625, 38.40245264948549, 38.530685590520854, 38.44721114812497, 38.490993479966974, 38.39585872406696, 38.563326436948735, 38.52148691810884, 38.56974374257952, 38.233229429609864, 38.5159880826123, 38.49265721423005, 38.410055526482694, 38.43418942278148, 38.50874478410783, 38.53043707811528, 38.26091310707131, 38.19354048595594, 38.175309045730934, 38.35085641336131, 38.448964916815605, 38.25019150242425, 38.44820586697807, 38.3474146274115, 38.463344956858116, 38.48100456212116, 38.46064161413466, 38.548369032125905, 38.27139988854208, 38.45042607770355, 38.29620455440366, 38.364528536245274, 38.27557135883046, 38.367000330749775, 38.417608365289084, 38.297455249554766, 38.33629949408707, 38.165931658433706, 38.18857645228214, 38.278336943713356, 38.27795427785466, 38.258229158553895, 38.260930122417214, 38.16022089369544, 38.117335574022626, 38.17100175601657, 38.3059756706, 38.159839884993545, 38.1933664181641, 38.211440889620356, 38.225872679104704, 38.166963229063455, 38.37868663606158, 38.52726201312206, 38.42395162837197, 38.53907749321443, 38.26337500965733, 38.21771649088083, 38.380914533658895, 38.31444486893023, 38.33862984352036, 38.34700007553361, 38.41808609469939, 38.55539257567207],