{"population_size": 100, "generations": 200, "execution_time": 63.6329083442688, "best_fitness_history": [Infinity, Infinity, Infinity, Infinity, Infinity, Infinity, Infinity, Infinity, Infinity, Infinity, Infinity, Infinity, 79.27554670629432, 79.27554670629432, 79.27554670629432, 79.27554670629432, 79.27554670629432, 79.27554670629432, 79.27554670629432, 72.9406834388211, 72.9406834388211, 72.9406834388211, 68.89970791810168, 67.69027250649677, 66.92136668954628, 63.58967433206575, 63.58967433206575, 62.727555247278026, 62.727555247278026, 61.80142351323385, 61.181976367603355, 59.1830386107043, 57.38823956044376, 56.37300475707, 55.07967568206017, 55.07967568206017, 53.8000296879756, 53.8000296879756, 53.00794250963386, 53.00794250963386, 52.84660475958887, 52.35991190150921, 51.91685005631146, 51.26643986690505, 51.26643986690505, 51.09662018063941, 51.07226627362992, 50.91414854903229, 50.753534194371596, 50.16761986518378, 50.16761986518378, 50.13105018502847, 48.64598564964898, 46.93027343553767, 46.93027343553767, 46.93027343553767, 46.93027343553767, 46.93027343553767, 46.87365967388121, 46.161875836092506, 46.161875836092506, 46.161875836092506, 46.161875836092506, 45.724409797056765, 45.724409797056765, 45.724409797056765, 45.724409797056765, 45.34484178828933, 45.34484178828933, 45.34484178828933, 45.34484178828933, 44.68065759647036, 44.68065759647036, 44.46500469910973, 44.193503615373345, 44.11718952709622, 43.94919109605002, 43.94919109605002, 43.731309309889326, 43.731309309889326, 43.45439744855572, 43.44546728663768, 43.44546728663768, 43.44546728663768, 43.34621602966238, 43.34621602966238, 43.32138180445238, 43.09416545976, 42.69722726830665, 42.69722726830665, 42.69722726830665, 42.69722726830665, 42.69722726830665, 41.730419487291016, 41.730419487291016, 41.730419487291016, 41.730419487291016, 41.54191799450954, 41.54191799450954, 41.54191799450954, 41.54191799450954, 41.54191799450954, 41.54191799450954, 41.464131976052, 41.125006321032934, 41.08692935614172, 41.08692935614172, 40.97106637279295, 40.97106637279295, 40.97106637279295, 40.97106637279295, 40.554853472084424, 40.554853472084424, 40.099864833716595, 40.099864833716595, 40.099864833716595, 40.09198267314391, 40.09198267314391, 40.09198267314391, 39.666744422737814, 39.13108123740756, 39.13108123740756, 39.13108123740756, 39.13108123740756, 39.13108123740756, 39.13108123740756, 39.13108123740756, 39.13108123740756, 39.13108123740756, 39.127827338012004, 39.127827338012004, 39.12453807696333, 39.12453807696333, 39.12453807696333, 39.12453807696333, 39.12453807696333, 38.20959958302359, 38.20959958302359, 38.20434486907683, 38.19928083272038, 38.04472339050577, 38.04472339050577, 38.04472339050577, 38.03955234806616, 37.84610254455867, 37.84610254455867, 37.78682237184556, 37.78682237184556, 37.78254043359712, 37.78254043359712, 37.78254043359712, 37.77956370913119, 37.77956370913119, 37.77956370913119, 37.77956370913119, 37.77956370913119, 37.77956370913119, 37.77956370913119, 37.77956370913119, 37.77956370913119, 37.77956370913119, 37.77887773105336, 37.40447319502028, 37.40447319502028, 37.25523111007057, 37.25523111007057, 37.25523111007057, 37.25523111007057, 37.25523111007057, 37.25523111007057, 37.24681439923708, 36.91489165806558, 36.91489165806558, 36.90305015595798, 36.90305015595798, 36.90305015595798, 36.90305015595798, 36.89532371224238, 36.89532371224238, 36.89532371224238, 36.89532371224238, 36.894643200370176, 36.894643200370176, 36.894643200370176, 36.894643200370176, 36.894643200370176, 36.894643200370176, 36.894643200370176, 36.894643200370176, 36.894643200370176, 36.77667560403674, 36.77667560403674, 36.77667560403674, 36.77667560403674, 36.77667560403674, 36.77667560403674, 36.77667560403674, 36.775508413457445, 36.775508413457445, 36.65861043321889], "avg_fitness_history": [Infinity, Infinity, Infinity, Infinity, Infinity, Infinity, Infinity, Infinity, Infinity, Infinity, Infinity, Infinity, 79.27554670629432, 79.27554670629432, 79.27554670629432, 79.27554670629432, 79.27554670629432, 79.27554670629432, 79.60344159676065, 79.93905421059328, 79.35299397988881, 78.88497133067828, 79.17538559581054, 77.2815657580765, 75.24304594494573, 73.77446186497916, 70.5155233251383, 68.94317637536183, 67.32580726262951, 67.0398100460118, 65.86087240045154, 65.77070978569313, 64.0402409217163, 63.26747919860962, 62.4302065408006, 61.47455838074018, 60.474410775733894, 59.85328953293945, 58.46549165273281, 58.214951018423015, 56.531994081879674, 55.73826159208534, 55.01987829410962, 54.6028543263509, 53.631936408633806, 53.705990867968566, 54.41112766883354, 53.507335614502125, 53.47944424410835, 52.7864729613327, 52.96892366180249, 51.673608462847014, 52.106323877654994, 51.292153332694454, 51.583823865359015, 51.57484027739461, 50.98109109695599, 50.337336410805364, 49.99722151246907, 49.66274073471334, 49.21127418918947, 48.917016061090266, 48.814113884943794, 48.5589917906562, 48.39776067658219, 48.26249039336916, 47.75211572564995, 48.08089484267462, 46.775786326563036, 47.91679900133668, 47.931056128302366, 47.70897621112051, 47.311993559196466, 46.85764767939417, 46.34042450916923, 46.35980594875781, 46.425023042256946, 46.46166314004124, 45.09378405598468, 45.852851701441885, 45.61234338735794, 45.81179572288277, 45.96753829217784, 45.07728100392612, 45.28056118941353, 44.66876160808338, 45.58620158803911, 45.60449642668018, 44.99468280513105, 45.79735680573501, 45.75471968454072, 45.48325396421325, 45.332454380293505, 44.54410562239845, 44.667097554910384, 44.90690178303545, 44.418127328167984, 44.780655157742416, 44.281090364183385, 44.190126640515544, 45.243161181901776, 44.08561609878817, 43.70014005479899, 43.056593957682395, 42.80524293857746, 43.143622266370016, 42.888390585649844, 43.02292931733232, 42.732545959877704, 43.16555562287362, 42.837952896733995, 42.304547678570835, 42.74889948647143, 42.0389315651313, 41.96494905671148, 41.434593149476264, 41.93665319944354, 42.353212589705755, 41.83097511927682, 42.16577977773153, 42.34193096353243, 42.2561814494058, 41.98107046198787, 41.5869143899753, 41.18780074739336, 42.12819024880087, 42.20274627377934, 41.74501273783357, 41.27723634833596, 40.44016333635131, 40.430583773990485, 40.60196455303111, 40.48153931046906, 40.945127008300716, 40.864683850470556, 41.1045358936906, 41.305431833812314, 40.99645701832164, 40.87479048599481, 40.705489727456225, 40.05602904998552, 39.67729883146522, 40.09754286309236, 38.86513834222142, 38.928622213734386, 38.62125791236995, 39.03116314173945, 38.8500275686766, 39.40688847669527, 38.938067970826445, 38.649993519108975, 39.04219513598051, 38.845709687649396, 38.66279697495975, 38.57488451682402, 39.08348953811896, 38.678796148605706, 39.35114413457305, 39.132389658331356, 39.09003029869785, 39.4240308715976, 39.91533543364119, 39.51209809465991, 40.96185383536812, 39.50744505518856, 39.23228188392989, 38.73720002873342, 38.66424475604299, 38.95308232186412, 38.36822425113162, 38.923108823373354, 38.37529004414448, 38.42163908755869, 37.57727689922077, 38.303497913085586, 38.338456943924406, 38.3701452401341, 38.12227115094374, 38.211564043693535, 38.34938536202698, 38.38021949439131, 38.00092138414878, 39.07244906806226, 39.35494135660096, 39.62985565829787, 37.92081411204196, 38.3087853605635, 38.894253223148276, 38.949555437403156, 37.21870643373477, 38.3590220389831, 37.869169627500675, 39.983874078078294, 39.55784299351698, 38.916576689376974, 38.696898025645545, 39.01579534748926, 38.82628000149062, 37.86594982132386, 38.09278541558125],