{"population_size": 500, "generations": 100, "execution_time": 176.66169238090515, "best_fitness_history": [Infinity, Infinity, Infinity, 91.96744857675061, 87.88246896856151, 87.88246896856151, 87.88246896856151, 87.88246896856151, 87.88246896856151, 87.88246896856151, 85.57943713906462, 85.57943713906462, 83.00615939252624, 83.00615939252624, 83.00615939252624, 80.31173639413784, 79.6262719512728, 75.25356389211264, 75.06930162152835, 66.08091301447274, 66.08091301447274, 66.08091301447274, 66.08091301447274, 66.08091301447274, 63.76544354560938, 61.87941154267698, 61.87941154267698, 59.18924540916688, 59.18924540916688, 55.903223946583985, 55.903223946583985, 55.903223946583985, 55.903223946583985, 55.903223946583985, 55.37162262408281, 53.71968279188216, 52.538138202123385, 52.538138202123385, 51.95010110039337, 50.1666074424859, 48.87248566282123, 48.87248566282123, 48.47348117753148, 48.47348117753148, 48.47348117753148, 47.706380151264575, 47.706380151264575, 47.706380151264575, 46.74788221275583, 46.553613246295214, 45.25251922276878, 45.25251922276878, 45.25251922276878, 44.084141695427796, 44.084141695427796, 44.084141695427796, 44.084141695427796, 44.084141695427796, 44.084141695427796, 42.76392037851705, 42.76392037851705, 41.258965434875606, 41.258965434875606, 41.258965434875606, 41.258965434875606, 41.258965434875606, 41.258965434875606, 41.258965434875606, 40.84223935262063, 40.84223935262063, 40.84223935262063, 40.84223935262063, 40.681144765648966, 40.681144765648966, 40.681144765648966, 40.59495036958476, 40.03336419417174, 40.03336419417174, 40.03336419417174, 40.03336419417174, 39.8521318620506, 39.16715013858172, 39.16715013858172, 39.16715013858172, 38.411662208037285, 38.411662208037285, 38.411662208037285, 38.411662208037285, 38.411662208037285, 38.411662208037285, 38.411662208037285, 38.411662208037285, 38.20344435652338, 38.08451064813022, 37.77329146828472, 37.681382148128336, 37.681382148128336, 37.681382148128336, 37.681382148128336, 37.441217158373476], "avg_fitness_history": [Infinity, Infinity, Infinity, 91.96744857675061, 89.92495877265605, 90.60578870735424, 97.58121463549591, 99.5252272014909, 100.43099675860657, 99.43597548205946, 97.61342713581607, 99.41879727817904, 99.71443100854339, 98.50358313258256, 94.2195953450666, 92.27865473692155, 89.58524971316284, 88.9274706040628, 87.36992199089258, 85.47624952232044, 84.12412941001118, 81.39680570463779, 79.335149041186, 77.63160958654719, 75.27366872521347, 73.51592168547735, 71.87875309329716, 70.38870275509056, 69.14785357942765, 68.1228562556905, 67.50576692581247, 66.81383588014438, 65.68226439399021, 64.51611893366542, 63.27215947455835, 62.449125999216605, 61.21962544012261, 60.384007778397894, 59.86951488939118, 59.19436627453835, 58.127225472991, 56.86291706461805, 56.01634835787567, 55.64405944418409, 55.22564550939457, 54.84712231848974, 54.76492339121125, 53.926627702969554, 53.05861578635816, 53.109229723549724, 52.15479451263104, 50.787354089674025, 51.54698950194882, 50.82161318120291, 50.708986820436415, 49.65089360759701, 48.91767425562868, 48.59593848164089, 47.70223865769121, 47.32229752067152, 47.36680390399816, 46.92636641751205, 46.93501768263476, 46.17433948997245, 46.05025845318094, 45.67437603907128, 45.11335619404889, 45.02078416661353, 44.82016856935557, 44.419361205068434, 44.489629678143245, 44.298431736774795, 44.436646189184216, 44.11012504787053, 43.92881654813713, 43.75779438404478, 43.702419269713246, 43.500669336338646, 43.356576820009, 43.34375702459207, 43.65821569190147, 43.26196518056931, 42.823023956618414, 42.42609481161454, 42.14996170918435, 42.139683081575136, 42.17417517950623, 41.949872622519216, 42.616769232355615, 42.43614462757986, 42.6890486922974, 41.99001111297259, 41.35925901251066, 41.45219800849296, 40.62951447019098, 40.629992519154314, 40.38225884669912, 40.564535531946504, 40.357371511175344, 39.51988166371884], "diversity_history": [407.8487087150347, 413.60853342219076, 417.6149724533673, 415.50497748467154, 415.49968204303985, 414.06431344798534, 416.6260688642586, 415.2169357684667, 413.79238578957677, 408.5411516796458, 402.3763516653202, 391.802974496269, 378.86216191365247, 371.27756920846514, 355.50495503793877, 342.05771909840206, 328.21830957330127, 311.9462678789242, 304.6152509614875, 306.42096044705363, 306.7200516327487, 297.15335581367583, 290.1725896131487, 277.72308622434684, 274.79838416335747, 272.1067970444651, 266.74888438992457, 269.24193977458646, 276.539062508253, 266.8998198208501, 257.6602979104625, 266.6421458868289, 260.27835194076846, 244.7875782807803, 243.18502173329037, 235.785776178047, 230.08134227800608, 227.6016902931552, 235.79771113573295, 239.12829752375575, 243.76755233828314, 233.11464260315773, 235.7058255328004, 238.0769250944031, 239.86734742561597, 232.53861358793503, 234.5825245039447, 233.1656489567479, 229.07682511246006, 243.37108696739804, 237.17673122803822, 233.04267164221457, 217.52674493004133, 210.4357230983025, 206.44101223226718, 201.823553134559, 191.23627395126, 168.29829557877082, 158.88016592636083, 160.55321724878854, 155.00856378663838, 154.721059426582, 148.75983280799164, 145.74523444864974, 148.68994497085453, 156.5906789606912, 158.4218850662132, 157.85660787336315, 157.39682621441443, 160.83808242284186, 152.713252694487, 150.8173382908374, 158.1653717231513, 165.25201705753497, 164.74637838941004, 168.22206121955793, 171.64964260141042, 167.05706043640694, 165.70070193278076, 158.6850305959526, 168.20543056551998, 177.686606148565, 173.91688905420972, 167.04155571411604, 159.52319955772447, 162.34779306080867, 157.66703608137075, 169.19732485387104, 178.13777488023928, 178.52217244616523, 179.21505095484727, 175.41163171814077, 179.16636644920996, 178.0242886979342, 169.24930790422937, 167.91090621533584, 167.55499060154773, 156.81469199420448, 162.43142599034948, 158.4418969714225], "final_fitness": 37.441217158373476, "total_distance": 35.87483601463193}