{"population_size": 500, "generations": 200, "execution_time": 368.36302876472473, "best_fitness_history": [Infinity, Infinity, Infinity, 91.96744857675061, 87.88246896856151, 87.88246896856151, 87.88246896856151, 87.88246896856151, 87.88246896856151, 87.88246896856151, 85.57943713906462, 85.57943713906462, 83.00615939252624, 83.00615939252624, 83.00615939252624, 80.31173639413784, 79.6262719512728, 75.25356389211264, 75.06930162152835, 66.08091301447274, 66.08091301447274, 66.08091301447274, 66.08091301447274, 66.08091301447274, 63.76544354560938, 61.87941154267698, 61.87941154267698, 59.18924540916688, 59.18924540916688, 55.903223946583985, 55.903223946583985, 55.903223946583985, 55.903223946583985, 55.903223946583985, 55.37162262408281, 53.71968279188216, 52.538138202123385, 52.538138202123385, 51.95010110039337, 50.1666074424859, 48.87248566282123, 48.87248566282123, 48.47348117753148, 48.47348117753148, 48.47348117753148, 47.706380151264575, 47.706380151264575, 47.706380151264575, 46.74788221275583, 46.553613246295214, 45.25251922276878, 45.25251922276878, 45.25251922276878, 44.084141695427796, 44.084141695427796, 44.084141695427796, 44.084141695427796, 44.084141695427796, 44.084141695427796, 42.76392037851705, 42.76392037851705, 41.258965434875606, 41.258965434875606, 41.258965434875606, 41.258965434875606, 41.258965434875606, 41.258965434875606, 41.258965434875606, 40.84223935262063, 40.84223935262063, 40.84223935262063, 40.84223935262063, 40.681144765648966, 40.681144765648966, 40.681144765648966, 40.59495036958476, 40.03336419417174, 40.03336419417174, 40.03336419417174, 40.03336419417174, 39.8521318620506, 39.16715013858172, 39.16715013858172, 39.16715013858172, 38.411662208037285, 38.411662208037285, 38.411662208037285, 38.411662208037285, 38.411662208037285, 38.411662208037285, 38.411662208037285, 38.411662208037285, 38.20344435652338, 38.08451064813022, 37.77329146828472, 37.681382148128336, 37.681382148128336, 37.681382148128336, 37.681382148128336, 37.441217158373476, 37.441217158373476, 37.441217158373476, 37.27997090133865, 37.26763710336774, 37.116413005299535, 37.116413005299535, 37.116413005299535, 37.116413005299535, 37.106287028720246, 37.079460438948075, 37.07168227215062, 36.98228774212893, 36.904403594451054, 36.904403594451054, 36.904403594451054, 36.73630241682297, 36.73630241682297, 36.7122599046108, 36.64632851828456, 36.64632851828456, 36.64632851828456, 36.64632851828456, 36.492094035114874, 36.492094035114874, 36.492094035114874, 36.481968058535585, 36.36474127025125, 36.36474127025125, 36.36474127025125, 36.36474127025125, 36.36474127025125, 36.36474127025125, 36.36474127025125, 36.36474127025125, 36.36061059435656, 36.36061059435656, 36.36061059435656, 36.36061059435656, 36.36061059435656, 36.36061059435656, 36.36061059435656, 36.36061059435656, 36.36061059435656, 36.36061059435656, 36.36061059435656, 36.35930335022931, 36.35691171561776, 36.35691171561776, 36.35555428881082, 36.26318084216317, 36.26318084216317, 36.26318084216317, 36.26318084216317, 36.26318084216317, 36.26318084216317, 36.26318084216317, 36.25810434911848, 36.25051302747132, 36.22655995927168, 36.21526975888574, 36.21526975888574, 36.21526975888574, 36.21526975888574, 36.21526975888574, 36.21526975888574, 36.21526975888574, 36.1979585722684, 36.1979585722684, 36.1979585722684, 36.196631382454605, 36.196631382454605, 36.19456664714779, 36.19456664714779, 36.19456664714779, 36.18885380330215, 36.18885380330215, 36.17142965224103, 36.17142965224103, 36.17142965224103, 36.16433951527436, 36.16301232546056, 36.16301232546056, 36.16301232546056, 36.16301232546056, 36.16301232546056, 36.16301232546056, 36.16301232546056, 36.16301232546056, 36.14608315144743, 36.14608315144743, 36.14608315144743, 36.14608315144743, 36.14608315144743, 36.14608315144743, 36.14608315144743, 36.14569742974525, 36.14569742974525, 36.14569742974525, 36.14569742974525, 36.14569742974525], "avg_fitness_history": [Infinity, Infinity, Infinity, 91.96744857675061, 89.92495877265605, 90.60578870735424, 97.58121463549591, 99.5252272014909, 100.43099675860657, 99.43597548205946, 97.61342713581607, 99.41879727817904, 99.71443100854339, 98.50358313258256, 94.2195953450666, 92.27865473692155, 89.58524971316284, 88.9274706040628, 87.36992199089258, 85.47624952232044, 84.12412941001118, 81.39680570463779, 79.335149041186, 77.63160958654719, 75.27366872521347, 73.51592168547735, 71.87875309329716, 70.38870275509056, 69.14785357942765, 68.1228562556905, 67.50576692581247, 66.81383588014438, 65.68226439399021, 64.51611893366542, 63.27215947455835, 62.449125999216605, 61.21962544012261, 60.384007778397894, 59.86951488939118, 59.19436627453835, 58.127225472991, 56.86291706461805, 56.01634835787567, 55.64405944418409, 55.22564550939457, 54.84712231848974, 54.76492339121125, 53.926627702969554, 53.05861578635816, 53.109229723549724, 52.15479451263104, 50.787354089674025, 51.54698950194882, 50.82161318120291, 50.708986820436415, 49.65089360759701, 48.91767425562868, 48.59593848164089, 47.70223865769121, 47.32229752067152, 47.36680390399816, 46.92636641751205, 46.93501768263476, 46.17433948997245, 46.05025845318094, 45.67437603907128, 45.11335619404889, 45.02078416661353, 44.82016856935557, 44.419361205068434, 44.489629678143245, 44.298431736774795, 44.436646189184216, 44.11012504787053, 43.92881654813713, 43.75779438404478, 43.702419269713246, 43.500669336338646, 43.356576820009, 43.34375702459207, 43.65821569190147, 43.26196518056931, 42.823023956618414, 42.42609481161454, 42.14996170918435, 42.139683081575136, 42.17417517950623, 41.949872622519216, 42.616769232355615, 42.43614462757986, 42.6890486922974, 41.99001111297259, 41.35925901251066, 41.45219800849296, 40.62951447019098, 40.629992519154314, 40.38225884669912, 40.564535531946504, 40.357371511175344, 39.51988166371884, 40.20619849008848, 39.91394736120648, 39.380292679876604, 39.312672006690356, 39.426274496871024, 39.32396325249271, 39.27978949810485, 39.13997173448833, 38.64445772467144, 38.40510736627198, 38.58098811429646, 38.76177141625761, 38.66939210423704, 38.29597735317424, 38.72925206525061, 38.62921530352389, 38.66868993265023, 38.958317240160774, 39.13197870014548, 38.74562849110906, 38.85186283931725, 38.48090187358838, 38.14912533183067, 38.630880622491304, 37.919871575023684, 38.49223372640914, 38.5946491480886, 38.288872652617464, 38.3082501339038, 38.02372650131653, 38.380044203945644, 38.456508779216286, 38.38268223631769, 38.56550579676073, 38.502762000688506, 38.33891332413075, 38.10629736625871, 37.833790991095874, 37.75600511461525, 37.38232487398409, 37.58345070855832, 37.65746669647692, 37.65266964982016, 37.898142870152526, 37.80759284362841, 37.99410487443042, 38.18257923484775, 37.70012528029009, 38.11525487003889, 38.143707674748796, 37.96426465392831, 38.48677829264164, 38.19809566081319, 38.0933284589041, 38.03476663122477, 38.07364766865012, 37.66972358002238, 38.09726178610866, 38.00944271872777, 37.496419291385095, 37.68539014246433, 37.77329589693941, 37.866018288446156, 37.546052852373364, 37.98736946569606, 38.46193496973734, 38.04829330029935, 37.924522157284834, 37.35878481394041, 37.771843183031436, 37.62430032660084, 37.42129853849569, 37.354642955443325, 37.28524141671939, 37.40809285072113, 37.82744015751375, 37.45838625063881, 37.6928258375026, 37.91062747048889, 37.798617409726425, 37.701503376561455, 37.62152832315918, 37.3446800595631, 37.354957206102775, 37.72594248388167, 37.73120777022521, 37.517738319736566, 37.54728066118454, 37.80175232780176, 37.52620172010162, 37.823006129428805, 37.88970578353834, 38.0594130406076, 38.07124221072981, 37.92496552245823, 37.78391082465034, 37.55966088446359, 38.009560788436545, 37.88105517156465, 37.816093272201286],