{"population_size": 1000, "generations": 200, "execution_time": 833.2227761745453, "best_fitness_history": [90.23419738966257, 90.23419738966257, 90.23419738966257, 90.23419738966257, 90.23419738966257, 89.95942785137551, 82.85983797087563, 82.85983797087563, 80.57368948172267, 76.67111967199378, 76.33171277264059, 76.33171277264059, 76.1692919061274, 75.39048098154734, 75.39048098154734, 74.20377708777147, 74.20377708777147, 74.20377708777147, 70.01971928703743, 70.01971928703743, 70.01971928703743, 70.01971928703743, 70.01971928703743, 67.78201013646688, 67.78201013646688, 66.29920960915996, 65.80327525148225, 65.80327525148225, 65.80327525148225, 65.68008671718033, 64.17762097288127, 64.17762097288127, 60.984761598881015, 60.984761598881015, 60.1159012025454, 60.1159012025454, 60.1159012025454, 56.80264906619312, 56.80264906619312, 56.19778776753808, 56.19778776753808, 56.19778776753808, 56.19778776753808, 56.19778776753808, 56.19778776753808, 56.19778776753808, 56.19778776753808, 53.125719928573176, 53.125719928573176, 52.800498935468326, 52.800498935468326, 52.800498935468326, 52.16490142036448, 51.411981453144094, 51.411981453144094, 51.411981453144094, 51.216013922162944, 50.25045617325208, 48.01139840139515, 48.01139840139515, 48.01139840139515, 48.01139840139515, 48.01139840139515, 48.01139840139515, 48.01139840139515, 48.01139840139515, 45.945286455164826, 45.945286455164826, 45.945286455164826, 45.945286455164826, 45.945286455164826, 45.945286455164826, 45.945286455164826, 45.945286455164826, 45.66302436023605, 45.66302436023605, 45.266795002770415, 45.266795002770415, 45.266795002770415, 45.266795002770415, 45.266795002770415, 45.266795002770415, 45.266795002770415, 45.266795002770415, 45.266795002770415, 44.433867947230745, 44.433867947230745, 44.433867947230745, 44.433867947230745, 44.433867947230745, 44.347361938009726, 44.26336695638402, 44.00785632785169, 43.628009768106615, 42.249997398180575, 42.249997398180575, 42.249997398180575, 42.061789679526704, 42.061789679526704, 41.648410968765724, 41.582927152260815, 41.582927152260815, 41.49644280616454, 41.49644280616454, 41.341307111354354, 41.157124631644585, 41.15262966787933, 40.87068913248792, 40.87068913248792, 40.87068913248792, 40.86458750145818, 40.5534691280037, 40.5534691280037, 40.5534691280037, 40.46649519787719, 40.46649519787719, 40.44756040574846, 40.31400088402002, 40.26612653173685, 40.20027937127083, 40.19286788870242, 40.09144663894476, 39.92388272128945, 39.92388272128945, 39.880747305837254, 39.85690363935537, 39.768388645827365, 39.756315225298124, 39.70325685205564, 39.659789702066696, 39.659789702066696, 39.65817718096412, 39.55951337997387, 39.3666340884238, 39.3666340884238, 39.3666340884238, 39.264705404544046, 39.264705404544046, 39.159211618708596, 39.159211618708596, 39.159211618708596, 39.159211618708596, 39.09777526836611, 39.09777526836611, 39.09777526836611, 39.0361748864938, 39.0361748864938, 39.0196828802919, 38.97494851464142, 38.97494851464142, 38.97380210887874, 38.97335880253237, 38.97335880253237, 38.96853788630728, 38.96853788630728, 38.96853788630728, 38.96853788630728, 38.94426752666654, 38.94426752666654, 38.94426752666654, 38.94426752666654, 38.938219491182, 38.923141807316995, 38.923141807316995, 38.923141807316995, 38.923141807316995, 38.91301972056223, 38.901248818799196, 38.857827854407795, 38.857827854407795, 38.857827854407795, 38.857827854407795, 38.81535630697701, 38.81535630697701, 38.81535630697701, 38.80568014029968, 38.80568014029968, 38.80568014029968, 38.80556374289925, 38.802624289671854, 38.797206515939585, 38.797206515939585, 38.797206515939585, 38.792928792565945, 38.792928792565945, 38.792928792565945, 38.78641837065043, 38.78641837065043, 38.78641837065043, 38.78641837065043, 38.78641837065043, 38.78632525072556, 38.78007586871389, 38.77953867182776, 38.7772593706571, 38.77672217377098, 38.77672217377098, 38.77641513245613, 38.77641513245613, 38.77641513245613], "avg_fitness_history": [90.23419738966257, 90.23419738966257, 92.39625039102002, 92.39625039102002, 97.71169897629922, 97.09620780373713, 95.19253682046953, 94.04312563141059, 94.11724412560586, 94.12539596368482, 92.79741047174745, 92.8327126509449, 92.42306574043741, 92.36768760473771, 91.47739017312676, 89.32431436293045, 87.5129753478606, 86.38012692146489, 83.98744656822026, 82.51978315889484, 80.55941137060292, 79.10926897970764, 77.73921142929169, 77.61656978388292, 76.23033470676634, 75.52013595170803, 75.26674347351266, 74.2274052786327, 73.51219010617125, 72.58304259693392, 71.84006480251509, 71.27013034667723, 70.83411916149505, 70.26648206652652, 69.68169133964993, 68.95412769091357, 68.45655032157849, 67.8910351298267, 67.12565836945944, 65.97630049114714, 65.46248635648833, 65.5144219967682, 65.37186057698284, 64.29267276816891, 62.813401318908866, 62.53227322204382, 61.479510252367035, 61.09113105427471, 61.05385594556551, 60.070864001086015, 59.2968203279264, 59.486771947617946, 58.7691277301534, 59.1213845425861, 57.78654302680816, 57.03658072525643, 57.020904516410226, 56.796544513116906, 56.08456931339769, 55.4948525758717, 54.98819051277852, 55.28262791749257, 54.652358528203834, 54.834858148870254, 54.81569643072287, 54.31221143053003, 53.171261766345225, 53.34305591157253, 53.15266483231184, 52.52876573872524, 52.57764410574504, 51.77485970322529, 51.33311139919091, 51.101163818638405, 50.78131145884558, 50.257684150493844, 50.240758432496385, 50.30297431345596, 49.84675715301013, 49.349751055862036, 49.451778926848, 48.724989655134074, 48.59896764011964, 49.03159881306098, 48.979755012946214, 48.94156408610465, 47.95381533499971, 47.600684771470675, 47.740083840602395, 47.319044516796076, 47.094263434619556, 46.9549037400927, 46.64765716834287, 46.28779615713361, 46.11883575306647, 45.68525201189322, 45.72658995562098, 45.31159660322845, 45.37689812459458, 45.12798271519349, 44.702954918874084, 44.58553998963977, 44.3530102614216, 43.98194345396044, 44.06679388519482, 43.779381289178275, 43.817196334620256, 43.6151976054128, 43.538044634876975, 43.38827626194201, 42.94336984201451, 43.0234597889745, 42.93754897434676, 42.74879386541268, 42.43006327728933, 42.58747725130396, 42.43762231500238, 42.383299034200924, 42.08450598663765, 42.15816815528416, 41.95814831490526, 42.400359085700465, 41.757097730799686, 41.65898656155544, 41.84199950349719, 41.60363120878561, 41.490229595470794, 41.076566476296584, 41.342405250250295, 41.188232265658584, 41.23318467194746, 40.921366600654316, 40.7692151656839, 40.78317689086776, 40.72811343570565, 40.864953741139296, 40.733410954059245, 40.87860811296965, 40.93716356849196, 40.739662461680865, 40.845777631907715, 40.642910529159074, 40.718168063248086, 40.70451540111623, 40.559944714191495, 40.44799240258847, 40.33162751438664, 40.230044826173234, 40.28716044326504, 40.27505916775075, 40.07692678157444, 40.27409548336556, 40.054615390180764, 40.106749733585076, 40.07946697284712, 40.224704824401776, 40.28561432994325, 40.09006215940439, 40.120342818751396, 40.01506224267156, 40.075830084602416, 39.899055294145846, 39.881699764371575, 39.786195468912, 39.924014740509016, 39.990715047505944, 40.20308085562957, 40.16758806263991, 40.094326614909676, 40.26900240450598, 40.30016800960618, 40.05769362896939, 40.17654005762615, 40.02241446083323, 39.8756407509505, 39.93371060788061, 39.81941873603866, 40.000989611856674, 40.100526803348686, 39.8517767408453, 39.90617557650326, 40.00190917206684, 40.13164977192652, 40.17703259634082, 40.18209470848782, 40.26286245243736, 40.0667704070918, 40.10852563887719, 39.929075677009116, 39.88016833239934, 39.77061256576637, 39.90570482215708, 39.93479260683693, 39.92059136336739, 39.710780068361075, 39.93122209479588, 40.028990224593805, 39.870078304941174, 40.057940291956335, 39.833955386794216],