{"population_size": 1000, "generations": 100, "execution_time": 386.98039507865906, "best_fitness_history": [90.23419738966257, 90.23419738966257, 90.23419738966257, 90.23419738966257, 90.23419738966257, 89.95942785137551, 82.85983797087563, 82.85983797087563, 80.57368948172267, 76.67111967199378, 76.33171277264059, 76.33171277264059, 76.1692919061274, 75.39048098154734, 75.39048098154734, 74.20377708777147, 74.20377708777147, 74.20377708777147, 70.01971928703743, 70.01971928703743, 70.01971928703743, 70.01971928703743, 70.01971928703743, 67.78201013646688, 67.78201013646688, 66.29920960915996, 65.80327525148225, 65.80327525148225, 65.80327525148225, 65.68008671718033, 64.17762097288127, 64.17762097288127, 60.984761598881015, 60.984761598881015, 60.1159012025454, 60.1159012025454, 60.1159012025454, 56.80264906619312, 56.80264906619312, 56.19778776753808, 56.19778776753808, 56.19778776753808, 56.19778776753808, 56.19778776753808, 56.19778776753808, 56.19778776753808, 56.19778776753808, 53.125719928573176, 53.125719928573176, 52.800498935468326, 52.800498935468326, 52.800498935468326, 52.16490142036448, 51.411981453144094, 51.411981453144094, 51.411981453144094, 51.216013922162944, 50.25045617325208, 48.01139840139515, 48.01139840139515, 48.01139840139515, 48.01139840139515, 48.01139840139515, 48.01139840139515, 48.01139840139515, 48.01139840139515, 45.945286455164826, 45.945286455164826, 45.945286455164826, 45.945286455164826, 45.945286455164826, 45.945286455164826, 45.945286455164826, 45.945286455164826, 45.66302436023605, 45.66302436023605, 45.266795002770415, 45.266795002770415, 45.266795002770415, 45.266795002770415, 45.266795002770415, 45.266795002770415, 45.266795002770415, 45.266795002770415, 45.266795002770415, 44.433867947230745, 44.433867947230745, 44.433867947230745, 44.433867947230745, 44.433867947230745, 44.347361938009726, 44.26336695638402, 44.00785632785169, 43.628009768106615, 42.249997398180575, 42.249997398180575, 42.249997398180575, 42.061789679526704, 42.061789679526704, 41.648410968765724], "avg_fitness_history": [90.23419738966257, 90.23419738966257, 92.39625039102002, 92.39625039102002, 97.71169897629922, 97.09620780373713, 95.19253682046953, 94.04312563141059, 94.11724412560586, 94.12539596368482, 92.79741047174745, 92.8327126509449, 92.42306574043741, 92.36768760473771, 91.47739017312676, 89.32431436293045, 87.5129753478606, 86.38012692146489, 83.98744656822026, 82.51978315889484, 80.55941137060292, 79.10926897970764, 77.73921142929169, 77.61656978388292, 76.23033470676634, 75.52013595170803, 75.26674347351266, 74.2274052786327, 73.51219010617125, 72.58304259693392, 71.84006480251509, 71.27013034667723, 70.83411916149505, 70.26648206652652, 69.68169133964993, 68.95412769091357, 68.45655032157849, 67.8910351298267, 67.12565836945944, 65.97630049114714, 65.46248635648833, 65.5144219967682, 65.37186057698284, 64.29267276816891, 62.813401318908866, 62.53227322204382, 61.479510252367035, 61.09113105427471, 61.05385594556551, 60.070864001086015, 59.2968203279264, 59.486771947617946, 58.7691277301534, 59.1213845425861, 57.78654302680816, 57.03658072525643, 57.020904516410226, 56.796544513116906, 56.08456931339769, 55.4948525758717, 54.98819051277852, 55.28262791749257, 54.652358528203834, 54.834858148870254, 54.81569643072287, 54.31221143053003, 53.171261766345225, 53.34305591157253, 53.15266483231184, 52.52876573872524, 52.57764410574504, 51.77485970322529, 51.33311139919091, 51.101163818638405, 50.78131145884558, 50.257684150493844, 50.240758432496385, 50.30297431345596, 49.84675715301013, 49.349751055862036, 49.451778926848, 48.724989655134074, 48.59896764011964, 49.03159881306098, 48.979755012946214, 48.94156408610465, 47.95381533499971, 47.600684771470675, 47.740083840602395, 47.319044516796076, 47.094263434619556, 46.9549037400927, 46.64765716834287, 46.28779615713361, 46.11883575306647, 45.68525201189322, 45.72658995562098, 45.31159660322845, 45.37689812459458, 45.12798271519349], "diversity_history": [407.0261786634332, 410.88985895082476, 410.26711259182997, 409.5268662850329, 410.79083573284714, 411.7665554223968, 409.5247864694152, 412.28998231458695, 409.3258126525075, 404.3847510352182, 398.5023489374513, 390.0298585187889, 384.02519912344314, 375.3005657835621, 366.65357990785554, 364.53574204533214, 360.1869562283774, 356.67600442889477, 356.87311766781767, 355.6151853133117, 354.55329138769986, 347.29147593636645, 339.9037156641889, 331.0888399258782, 328.88368760936913, 324.07342070099213, 319.17722888605107, 322.19203259784814, 315.07407748793673, 317.3978157391201, 310.4771124047403, 306.69508178091854, 304.39514452497104, 306.94105879812764, 302.37891893515734, 308.94516378811227, 307.0550420221184, 309.8889167599601, 307.0504141640694, 304.31316595690663, 298.6657556506308, 299.7857018987333, 301.3848561145309, 300.93276985347126, 298.23732110853297, 301.5642552972134, 303.2712659334426, 306.93986952703494, 305.7836072648989, 300.1840577962494, 292.8116434939601, 286.0190775640612, 289.1058507406838, 299.5045479146471, 301.69331348761756, 299.3647805892228, 301.82415930494165, 302.7895305851395, 301.8198631536043, 300.7719202180612, 308.7945819652178, 309.21311181394213, 311.5256567517699, 311.34617871741966, 311.4239078515005, 307.8595308374272, 305.03726704989344, 290.15181014333723, 294.3228898324956, 294.9931108168245, 295.5127003196781, 296.4189457570127, 290.6358029149741, 295.8935021188191, 295.0692247788, 301.68225717576826, 303.18228715192527, 304.69622632793113, 298.77363663878856, 292.102237547197, 291.85945765083517, 300.2651454474412, 303.7712428330555, 300.91280366746315, 307.86658065423825, 316.60163148506814, 326.42862533194847, 330.24791104981784, 322.9303531917916, 298.41090710764274, 265.3046896110766, 234.14735456686242, 213.84761049199705, 200.41990653539216, 192.06966013848074, 179.30012423974185, 184.02082204001903, 178.8394227648949, 186.86168505672907, 185.31662758969534], "final_fitness": 41.648410968765724, "total_distance": 39.89290162905081}