{"population_size": 200, "generations": 200, "execution_time": 129.66579866409302, "best_fitness_history": [Infinity, 89.1828391887044, 89.1828391887044, 89.1828391887044, 89.1828391887044, 89.1828391887044, 89.1828391887044, 89.1828391887044, 89.1828391887044, 89.1828391887044, 88.21074854296629, 84.17589346144231, 81.07824779542844, 77.87716812984506, 77.87716812984506, 77.87716812984506, 76.22522509628308, 76.22522509628308, 76.22522509628308, 75.69253012899857, 75.69253012899857, 75.69253012899857, 75.69253012899857, 71.81564529681724, 71.81564529681724, 70.42697857844071, 66.45168326089284, 66.45168326089284, 65.59002324638865, 65.36546504991107, 64.43706702472107, 64.43706702472107, 62.980949151907055, 60.48532184223237, 60.48532184223237, 60.48532184223237, 59.560297023532954, 58.81555333191169, 56.806245240019315, 56.806245240019315, 55.88010931713912, 55.88010931713912, 55.34821826605898, 55.34821826605898, 50.67587633965632, 49.322011675095276, 49.322011675095276, 49.322011675095276, 49.322011675095276, 49.322011675095276, 49.322011675095276, 47.818906583958395, 47.818906583958395, 47.818906583958395, 47.13165997609602, 47.13165997609602, 47.13165997609602, 47.03782811159209, 46.56596354459279, 45.21629808174092, 45.21629808174092, 45.20913566362121, 44.469832181185076, 44.469832181185076, 44.469832181185076, 44.31657387076726, 44.31657387076726, 44.17950097772983, 44.17950097772983, 44.17950097772983, 44.17950097772983, 43.99850547321919, 43.18861751566803, 43.18861751566803, 43.18861751566803, 43.18861751566803, 43.18861751566803, 43.18861751566803, 43.18861751566803, 42.56760355486283, 42.56760355486283, 42.56760355486283, 42.56760355486283, 42.36418032064921, 42.36418032064921, 41.847346017273516, 41.847346017273516, 41.75225853851559, 41.2450518996998, 41.2450518996998, 41.2450518996998, 41.2450518996998, 41.2450518996998, 41.2450518996998, 40.94133437526836, 40.94133437526836, 40.94133437526836, 40.71579723787928, 40.61338653774729, 40.24641304104746, 40.24641304104746, 40.24641304104746, 40.17435576876362, 39.773055601603716, 39.61113433743391, 37.81747243216103, 37.81747243216103, 37.81747243216103, 37.81747243216103, 37.81747243216103, 37.81747243216103, 37.81747243216103, 37.76694009666346, 37.427907784069724, 37.427907784069724, 37.427907784069724, 37.427907784069724, 37.269754665913375, 37.1220390756241, 37.1220390756241, 36.9459834254652, 36.9459834254652, 36.9459834254652, 36.9459834254652, 36.87475121243694, 36.87475121243694, 36.73586096602938, 36.66799991764685, 36.608994384396986, 36.468411212959126, 36.468411212959126, 36.468411212959126, 36.23110601788896, 36.23110601788896, 36.23110601788896, 36.23110601788896, 36.23110601788896, 36.23110601788896, 36.15403051682301, 36.15403051682301, 36.15403051682301, 36.15403051682301, 36.08705641983185, 36.08705641983185, 36.08705641983185, 36.08705641983185, 36.08705641983185, 36.08705641983185, 36.08705641983185, 35.97023202215154, 35.97023202215154, 35.967809861704886, 35.967809861704886, 35.967809861704886, 35.967809861704886, 35.96391973855065, 35.96391973855065, 35.96149757810398, 35.96149757810398, 35.96149757810398, 35.96149757810398, 35.96149757810398, 35.96149757810398, 35.93288768552291, 35.93288768552291, 35.93288768552291, 35.91202693117816, 35.91202693117816, 35.91202693117816, 35.91202693117816, 35.88026890514218, 35.88026890514218, 35.88026890514218, 35.859115595949866, 35.859115595949866, 35.830505703368786, 35.830505703368786, 35.825049976325424, 35.8236852322179, 35.8236852322179, 35.8236852322179, 35.8236852322179, 35.8236852322179, 35.8236852322179, 35.8236852322179, 35.8236852322179, 35.8236852322179, 35.8236852322179, 35.8236852322179, 35.8236852322179, 35.8236852322179, 35.8236852322179, 35.79395254733653, 35.79395254733653, 35.79395254733653, 35.79395254733653, 35.79395254733653, 35.78652505748908, 35.78652505748908, 35.78652505748908], "avg_fitness_history": [Infinity, 89.1828391887044, 90.24008589729877, 90.24008589729877, 91.29292481064165, 91.29292481064165, 91.16557840055438, 91.16557840055438, 91.16557840055438, 90.87009282324513, 90.39727337878232, 89.53258899630019, 89.30937780031316, 88.79249823427493, 88.5703578323074, 88.37112497809294, 87.59748188414113, 86.77082126919686, 85.10368145378136, 84.66693553938185, 85.04976969763102, 84.12606025010977, 82.89408676323485, 80.04402147602933, 80.23856599027202, 78.67962748977307, 78.21646209451688, 77.79222294602155, 76.18644436074078, 73.9259767487506, 71.67165880638262, 71.01036055468875, 69.10691509387674, 68.57211485911814, 66.87279326047715, 65.96758648766692, 65.0006216752311, 64.74870057471279, 64.11015133382605, 63.30835554754458, 62.368482085916064, 61.24921128431413, 60.23641581637175, 59.6404992579264, 59.155772272626145, 58.035805301593896, 57.45759938974164, 56.30061345990943, 55.483253545070795, 54.90518807176729, 53.30698490044471, 52.52833158425559, 52.01222957041127, 51.34985775488639, 50.77926922234258, 50.57960361554793, 50.9609679024797, 50.46137237972783, 50.09214969247035, 49.70131910699704, 49.58248438017379, 48.76961359444791, 48.631118671082945, 48.481180184942204, 48.38134062211133, 47.74235052798153, 46.96184430456775, 47.08056995554267, 47.07895171081315, 46.06205854802256, 46.399312847378404, 46.46251265856743, 45.73626827472736, 45.53284920349199, 44.959541227289016, 45.19084182976266, 45.34395629969868, 44.99250495124462, 44.61623176490109, 44.57104146750849, 44.3124142570469, 44.69420445031248, 44.367953115364344, 44.44987346040393, 44.682757064445205, 44.64294901018433, 44.06192128806071, 43.49547594600294, 43.28347872456525, 43.18935292988936, 43.017857002923925, 42.60973473306481, 42.62387100713169, 42.85408010231418, 42.83086482605654, 43.29984565326975, 43.63550139164093, 42.42093637077736, 42.09591626636935, 42.29663216226928, 41.633554786934766, 41.59034656867525, 41.62950902720541, 41.380646656867036, 41.79619820871952, 41.48520402638229, 41.25807377935907, 41.307810280189884, 40.94488218614595, 40.799546423842045, 40.418268395912264, 40.84016701930197, 40.32517313272264, 39.88446301025459, 39.96062740562749, 39.699183165102944, 39.3585733755678, 38.846720007661354, 38.7162011820324, 39.23249803751917, 38.663654312606134, 38.81542825968574, 38.06368259502098, 37.878044518798525, 38.31717873775003, 38.08456100305093, 38.65570002643837, 38.39739787644291, 38.00067131527353, 37.84477584889289, 38.17778795712912, 37.86542505527122, 37.55389226513753, 37.800668473655186, 37.72221460545177, 37.442754616536135, 37.537039750015964, 37.51248159281621, 37.18717251528905, 37.56947530821628, 37.36772635452899, 37.44379546843085, 37.59750324583433, 37.46229430234397, 37.19422998708274, 36.94747876296325, 37.42149383523523, 36.66502663995075, 37.41877751701962, 36.84378197021907, 37.38448059404107, 37.82357953410835, 37.75029625203155, 37.56645515941915, 37.701771707698484, 37.300750174962396, 36.96261360185245, 37.49801616918587, 37.4762604367166, 37.05160220645015, 36.94521463092008, 36.9630576419393, 37.1382439734745, 36.96373663986301, 37.306556942795694, 38.31121724510375, 37.99339726619113, 37.15434900827949, 37.21564966293437, 37.24755519213505, 36.86245262099182, 36.788523636708554, 36.573739423203676, 36.991511681273714, 37.052783716602846, 37.03845810523499, 37.02392082139444, 37.46083653483678, 37.34539196586758, 36.888382462024744, 37.37464462459948, 37.09523375381907, 36.63708828026762, 36.7872364652925, 36.57332063221685, 37.03207828361001, 37.10347399309906, 37.140371627786855, 36.76500462700023, 36.714287554787795, 37.39557055597347, 36.6974820248612, 37.056425399919114, 36.64393814288236, 36.53620297883709, 36.87146891548013, 36.80466970391912, 37.02986282158184, 37.12656508043026, 37.09782161669373],